epoch,accuracy,learning_rate,loss,val_accuracy,val_loss
0,0.8872390985488892,9.999999747378752e-05,0.43391573429107666,0.8976871371269226,0.39828479290008545
1,0.9008308053016663,9.999999747378752e-05,0.3819325268268585,0.907694935798645,0.3423317074775696
2,0.9060366749763489,9.999999747378752e-05,0.351089745759964,0.9109035730361938,0.3275064527988434
3,0.9086682200431824,9.999999747378752e-05,0.3339715003967285,0.9122787117958069,0.32701125741004944
4,0.9087173342704773,9.999999747378752e-05,0.33276307582855225,0.9167096614837646,0.3006710410118103
5,0.9016002416610718,9.999999747378752e-05,0.36284834146499634,0.914895236492157,0.31507280468940735
6,0.9133747816085815,9.999999747378752e-05,0.3117988109588623,0.9098722338676453,0.3194599449634552
7,0.9158017635345459,9.999999747378752e-05,0.298992782831192,0.918944239616394,0.28488689661026
