epoch,accuracy,learning_rate,loss,val_accuracy,val_loss
0,0.9323830604553223,0.0010000000474974513,0.2525513172149658,0.9657144546508789,0.12712575495243073
