epoch,categorical_accuracy,learning_rate,loss,top_3_categorical_accuracy,val_categorical_accuracy,val_loss,val_top_3_categorical_accuracy,val_w_categorical_accuracy,val_w_top_3_categorical_accuracy,w_categorical_accuracy,w_top_3_categorical_accuracy
0,0.434622585773468,9.999999747378752e-05,2.9106478691101074,0.6254181265830994,0.392801970243454,1.923353910446167,0.7116045951843262,0.392801970243454,0.7116045951843262,0.245572030544281,0.4106391966342926
1,0.590113639831543,9.999999747378752e-05,2.1522111892700195,0.8004966378211975,0.6925691962242126,1.6083154678344727,0.8618899583816528,0.6925691962242126,0.8618899583816528,0.39099574089050293,0.6078815460205078
2,0.6549915075302124,9.999999747378752e-05,1.7574061155319214,0.8319790959358215,0.5539441108703613,1.9781227111816406,0.7438660264015198,0.5539441108703613,0.7438660264015198,0.4813986122608185,0.6982120871543884
