epoch,categorical_accuracy,learning_rate,loss,top_3_categorical_accuracy,val_categorical_accuracy,val_loss,val_top_3_categorical_accuracy,val_w_categorical_accuracy,val_w_top_3_categorical_accuracy,w_categorical_accuracy,w_top_3_categorical_accuracy
0,0.25827404856681824,9.999999747378752e-05,3.6114444732666016,0.37444841861724854,0.19845078885555267,3.243664264678955,0.22943490743637085,0.19845078885555267,0.22943490743637085,0.1031123548746109,0.22135497629642487
1,0.4119814336299896,9.999999747378752e-05,2.9332711696624756,0.6709713935852051,0.4398137629032135,1.807673692703247,0.741414487361908,0.4398137629032135,0.741414487361908,0.19523370265960693,0.38066813349723816
2,0.5500406622886658,9.999999747378752e-05,2.351475954055786,0.788334846496582,0.6492655873298645,1.5140314102172852,0.7478008270263672,0.6492655873298645,0.7478008270263672,0.3142749071121216,0.5372071862220764
3,0.7766461968421936,9.999999747378752e-05,1.7030466794967651,0.9107134938240051,0.8693681359291077,0.7820448875427246,0.9196967482566833,0.8693681359291077,0.9196967482566833,0.47940805554389954,0.7067404389381409
