epoch,accuracy,learning_rate,loss,val_accuracy,val_loss
0,0.9528794884681702,0.0010000000474974513,0.17583979666233063,0.9814749360084534,0.0694483071565628
